CustomerNumber|FullName|DOB|DOD|Nationality|NINumber|NBSRelationshipStartDate|Gender|MaritalStatusFlag|ExtractDate
1000999997|Mr Tony Risk|07/05/2021||GB||07/05/2021|M|M|2020-01-01
1000000000|Mr Desmond Clark|07/05/2021||GB||07/05/2021|M|M|2020-01-01
1000000001|Mrs Frankie Marino|07/05/2021||GB||07/05/2021|F|M|2020-01-01
1000000002|Miss Lana Donovan|07/05/2021||GB||07/05/2021|F|U|2020-01-01
1000000003|Miss Isabella Martinez|07/05/2021||GB||07/05/2021|F|S|2020-01-01
1000000004|Mr Winston Williams|07/05/2021||GB||07/05/2021|M|M|2020-01-01
1000000005|Mrs Ruby Chang|07/05/2021||GB||07/05/2021|F|M|2020-01-01
1000000006|Miss Sylvia Blackwood|07/05/2021||GB||07/05/2021|F|U|2020-01-01
1000000007|Miss Nora Nelson|07/05/2021||GB||07/05/2021|F|S|2020-01-01
1000000008|Mr Dexter Turner|07/05/2021||GB||07/05/2021|M|M|2020-01-01
1000000009|Mrs Fiona Washington|07/05/2021||GB||07/05/2021|F|M|2020-01-01
1000000010|Miss Veronica Rodriguez|07/05/2021||GB||07/05/2021|F|U|2020-01-01
1000000011|Mr Jimmy Malone|07/05/2021||GB||07/05/2021|F|S|2020-01-01
1000000012|Mr Milo Spencer|07/05/2021||GB||07/05/2021|M|M|2020-01-01
1000000013|Mr Mickey Deluca|07/05/2021||GB||07/05/2021|F|M|2020-01-01
1000000014|Mrs Sylvia Thompson|07/05/2021||GB||07/05/2021|F|U|2020-01-01
1000000015|Mrs Fiona Williams|07/05/2021||GB||07/05/2021|F|S|2020-01-01
1000000016|Mr Luther Washington|07/05/2021||GB||07/05/2021|M|M|2020-01-01
1000000017|Mr Winston Williams|07/05/2021||GB||07/05/2021|F|M|2020-01-01
1000000018|Mr Dexter Williams|07/05/2021||GB||07/05/2021|F|U|2020-01-01
1000000019|Mr Hank Mercer|07/05/2021||GB||07/05/2021|F|S|2020-01-01
1000000020|Mrs Veronica Blackwood|07/05/2021||GB||07/05/2021|M|M|2020-01-01
1000000021|Mr Rex Gallagher|07/05/2021||GB||07/05/2021|F|M|2020-01-01
1000000022|Mr Marcus Baxter|07/05/2021||GB||07/05/2021|F|U|2020-01-01
1000000023|Mrs Gabrielle Sinclair|07/05/2021||GB||07/05/2021|F|S|2020-01-01
1000000024|Mr Donovan O'Connor|07/05/2021||GB||07/05/2021|M|M|2020-01-01
1000000025|Mr Jackson Reynolds|07/05/2021||GB||07/05/2021|F|M|2020-01-01
1000000026|Mrs Lana Rodriguez|07/05/2021||GB||07/05/2021|F|U|2020-01-01
1000000027|Mr Sterling Ramirez|07/05/2021||GB||07/05/2021|F|S|2020-01-01
1000000028|Mrs Elara Foster|07/05/2021||GB||07/05/2021|M|M|2020-01-01
1000000029|Mrs Jocelyn JeMr Desmond Montgomeryerson|07/05/2021||GB||07/05/2021|F|M|2020-01-01
1000000030|Mr Marcus Baxter|07/05/2021||GB||07/05/2021|F|U|2020-01-01
1000000031|Mr Donovan Carmichael|07/05/2021||GB||07/05/2021|F|S|2020-01-01
1000000032|Mr Jackson Reynolds|07/05/2021||GB||07/05/2021|M|M|2020-01-01
1000000033|Mrs Jocelyn JeMr Desmond Montgomeryerson|07/05/2021||GB||07/05/2021|F|M|2020-01-01
1000000034|Mrs Valencia Vega|07/05/2021||GB||07/05/2021|F|U|2020-01-01
1000000035|Mr Damien Turner|07/05/2021||GB||07/05/2021|F|S|2020-01-01
1000000036|Mrs Adriana Rodriguez|07/05/2021||GB||07/05/2021|M|M|2020-01-01
1000000037|Mr Lucas Gallagher|07/05/2021||GB||07/05/2021|F|M|2020-01-01
1000000038|Mrs Bianca Martinez|07/05/2021||GB||07/05/2021|F|U|2020-01-01
1000000039|Mr Elijah Washington|07/05/2021||GB||07/05/2021|F|S|2020-01-01
1000000040|Mr Lyla Donovan|07/05/2021||GB||07/05/2021|M|M|2020-01-01
1000000041|Mr Morgan Mercer|07/05/2021||GB||07/05/2021|F|M|2020-01-01
1000000042|Mr Xavier Vega|07/05/2021||GB||07/05/2021|F|U|2020-01-01
1000000043|Mr Ava Caldwell|07/05/2021||GB||07/05/2021|F|S|2020-01-01
1000000044|Mr Hector Ramirez|07/05/2021||GB||07/05/2021|M|M|2020-01-01
1000000045|Mrs Sienna O'Connor|07/05/2021||GB||07/05/2021|F|M|2020-01-01
1000000046|Mr Desmond Montgomery|07/05/2021||GB||07/05/2021|F|U|2020-01-01
1000000047|Mr Riley Jefferson|07/05/2021||GB||07/05/2021|F|S|2020-01-01
1000000048|Mrs Naomi Eastwood|07/05/2021||GB||07/05/2021|M|M|2020-01-01
1000000049|Mrs Olivia Turner|07/05/2021||GB||07/05/2021|F|M|2020-01-01
1000000050|Mr Ethan Rodriguez|07/05/2021||GB||07/05/2021|F|U|2020-01-01
1000000051|Mrs Ava Gallagher|07/05/2021||GB||07/05/2021|F|S|2020-01-01
1000000052|Mr A Risk Squad|07/05/2021||GB||07/05/2021|M|M|2020-01-01
1000000053|Mrs B Risk Squad|07/05/2021||GB||07/05/2021|F|M|2020-01-01
1000000054|Miss C Risk Squad|07/05/2021||GB||07/05/2021|F|U|2020-01-01
1000000055|Miss D Risk Squad|07/05/2021||GB||07/05/2021|F|S|2020-01-01
1000000056|Mr E Risk Squad|07/05/2021||GB||07/05/2021|M|M|2020-01-01
1000000057|Mrs F Risk Squad|07/05/2021||GB||07/05/2021|F|M|2020-01-01
1000000058|Miss G Risk Squad|07/05/2021||GB||07/05/2021|F|U|2020-01-01
1000000059|Miss H Risk Squad|07/05/2021||GB||07/05/2021|F|S|2020-01-01
1000000060|Mr I Risk Squad|07/05/2021||GB||07/05/2021|M|M|2020-01-01
1000000061|Mrs J Risk Squad|07/05/2021||GB||07/05/2021|F|M|2020-01-01
1000000062|Miss K Risk Squad|07/05/2021||GB||07/05/2021|F|U|2020-01-01
1000000063|Miss L Risk Squad|07/05/2021||GB||07/05/2021|F|S|2020-01-01
1000000064|Mr M Risk Squad|07/05/2021||GB||07/05/2021|M|M|2020-01-01
1000000065|Mrs N Risk Squad|07/05/2021||GB||07/05/2021|F|M|2020-01-01
1000000066|Miss O Risk Squad|07/05/2021||GB||07/05/2021|F|U|2020-01-01
1000000067|Miss P Risk Squad|07/05/2021||GB||07/05/2021|F|S|2020-01-01
1000000068|Mr R Risk Squad|07/05/2021||GB||07/05/2021|M|M|2020-01-01
1000000069|Mrs R Risk Squad|07/05/2021||GB||07/05/2021|F|M|2020-01-01
1000000070|Miss S Risk Squad|07/05/2021||GB||07/05/2021|F|U|2020-01-01
1000000071|Miss T Risk Squad|07/05/2021||GB||07/05/2021|F|S|2020-01-01
1000000072|Mr U Risk Squad|07/05/2021||GB||07/05/2021|M|M|2020-01-01
1000000073|Mrs V Risk Squad|07/05/2021||GB||07/05/2021|F|M|2020-01-01
1000000074|Miss W Risk Squad|07/05/2021||GB||07/05/2021|F|U|2020-01-01
1000000075|Miss X Risk Squad|07/05/2021||GB||07/05/2021|F|S|2020-01-01
1000000076|Mr A Risk Squad|07/05/2021||GB||07/05/2021|M|M|2020-01-01
1000000077|Mrs B Risk Squad|07/05/2021||GB||07/05/2021|F|M|2020-01-01
1000000078|Miss C Risk Squad|07/05/2021||GB||07/05/2021|F|U|2020-01-01
1000000079|Miss D Risk Squad|07/05/2021||GB||07/05/2021|F|S|2020-01-01
1000000080|Mr E Risk Squad|07/05/2021||GB||07/05/2021|M|M|2020-01-01
1000000081|Mrs G Risk Squad|07/05/2021||GB||07/05/2021|F|M|2020-01-01
1000000082|Miss I Risk Squad|07/05/2021||GB||07/05/2021|F|U|2020-01-01
1000000083|Miss G Risk Squad|07/05/2021||GB||07/05/2021|F|S|2020-01-01
1000000084|Mr H Risk Squad|07/05/2021||GB||07/05/2021|M|M|2020-01-01
1000000085|Mrs J Risk Squad|07/05/2021||GB||07/05/2021|F|M|2020-01-01
1000000086|Miss R Risk Squad|07/05/2021||GB||07/05/2021|F|U|2020-01-01
1000000087|Miss S Risk Squad|07/05/2021||GB||07/05/2021|F|S|2020-01-01
1000000088|Mr T Risk Squad|07/05/2021||GB||07/05/2021|M|M|2020-01-01
1000000089|Mrs I Risk Squad|07/05/2021||GB||07/05/2021|F|M|2020-01-01
1000000090|Miss R Risk Squad|07/05/2021||GB||07/05/2021|F|U|2020-01-01
1000000091|Miss R Risk Squad|07/05/2021||GB||07/05/2021|F|S|2020-01-01
1000000092|Mr R Risk Squad|07/05/2021||GB||07/05/2021|M|M|2020-01-01
1000000093|Mrs R Risk Squad|07/05/2021||GB||07/05/2021|F|M|2020-01-01
1000000094|Miss R Risk Squad|07/05/2021||GB||07/05/2021|F|U|2020-01-01
1000000095|Miss R Risk Squad|07/05/2021||GB||07/05/2021|F|S|2020-01-01
1000000096|Mr R Risk Squad|07/05/2021||GB||07/05/2021|M|M|2020-01-01
1000000097|Mrs R Risk Squad|07/05/2021||GB||07/05/2021|F|M|2020-01-01
1000000098|Miss R Risk Squad|07/05/2021||GB||07/05/2021|F|U|2020-01-01
1000000099|Miss R Risk Squad|07/05/2021||GB||07/05/2021|F|S|2020-01-01
1000000100|Mr R Risk Squad|07/05/2021||GB||07/05/2021|M|M|2020-01-01
1000000101|Mrs R Risk Squad|07/05/2021||GB||07/05/2021|F|M|2020-01-01
1000000102|Miss R Risk Squad|07/05/2021||GB||07/05/2021|F|U|2020-01-01
1000000103|Miss R Risk Squad|07/05/2021||GB||07/05/2021|F|S|2020-01-01
1000000104|Mr R Risk Squad|07/05/2021||GB||07/05/2021|M|M|2020-01-01
1000000105|Mrs R Risk Squad|07/05/2021||GB||07/05/2021|F|M|2020-01-01
1000000106|Miss R Risk Squad|07/05/2021||GB||07/05/2021|F|U|2020-01-01
1000000107|Miss R Risk Squad|07/05/2021||GB||07/05/2021|F|S|2020-01-01
1000000108|Mr R Risk Squad|07/05/2021||GB||07/05/2021|M|M|2020-01-01
1000000109|Mrs R Risk Squad|07/05/2021||GB||07/05/2021|F|M|2020-01-01
1000000110|Miss R Risk Squad|07/05/2021||GB||07/05/2021|F|U|2020-01-01
1000000111|Miss R Risk Squad|07/05/2021||GB||07/05/2021|F|S|2020-01-01
1000000112|Mr R Risk Squad|07/05/2021||GB||07/05/2021|M|M|2020-01-01
1000000113|Mrs R Risk Squad|07/05/2021||GB||07/05/2021|F|M|2020-01-01
1000000114|Miss R Risk Squad|07/05/2021||GB||07/05/2021|F|U|2020-01-01
1000000115|Miss R Risk Squad|07/05/2021||GB||07/05/2021|F|S|2020-01-01
1000000116|Mr R Risk Squad|07/05/2021||GB||07/05/2021|M|M|2020-01-01
1000000117|Mrs R Risk Squad|07/05/2021||GB||07/05/2021|F|M|2020-01-01
1000000118|Miss R Risk Squad|07/05/2021||GB||07/05/2021|F|U|2020-01-01
1000000119|Miss R Risk Squad|07/05/2021||GB||07/05/2021|F|S|2020-01-01
1000000120|Mr R Risk Squad|07/05/2021||GB||07/05/2021|M|M|2020-01-01
1000000121|Mrs R Risk Squad|07/05/2021||GB||07/05/2021|F|M|2020-01-01
1000000122|Miss R Risk Squad|07/05/2021||GB||07/05/2021|F|U|2020-01-01
1000000123|Miss R Risk Squad|07/05/2021||GB||07/05/2021|F|S|2020-01-01
1000000124|Mr R Risk Squad|07/05/2021||GB||07/05/2021|M|M|2020-01-01
1000000125|Mrs R Risk Squad|07/05/2021||GB||07/05/2021|F|M|2020-01-01
1000000126|Miss R Risk Squad|07/05/2021||GB||07/05/2021|F|U|2020-01-01
1000000127|Miss R Risk Squad|07/05/2021||GB||07/05/2021|F|S|2020-01-01
1000000128|Mr R Risk Squad|07/05/2021||GB||07/05/2021|M|M|2020-01-01
1000000129|Mrs R Risk Squad|07/05/2021||GB||07/05/2021|F|M|2020-01-01
1000000130|Miss R Risk Squad|07/05/2021||GB||07/05/2021|F|U|2020-01-01
1000000131|Miss R Risk Squad|07/05/2021||GB||07/05/2021|F|S|2020-01-01
1000000132|Mr R Risk Squad|07/05/2021||GB||07/05/2021|M|M|2020-01-01
1000000133|Mrs R Risk Squad|07/05/2021||GB||07/05/2021|F|M|2020-01-01
1000000134|Miss R Risk Squad|07/05/2021||GB||07/05/2021|F|U|2020-01-01
1000000135|Miss R Risk Squad|07/05/2021||GB||07/05/2021|F|S|2020-01-01
1000000136|Mr R Risk Squad|07/05/2021||GB||07/05/2021|M|M|2020-01-01
1000000137|Mrs R Risk Squad|07/05/2021||GB||07/05/2021|F|M|2020-01-01
1000000138|Miss R Risk Squad|07/05/2021||GB||07/05/2021|F|U|2020-01-01
1000000139|Miss R Risk Squad|07/05/2021||GB||07/05/2021|F|S|2020-01-01
1000000140|Mr R Risk Squad|07/05/2021||GB||07/05/2021|M|M|2020-01-01
1000000141|Mrs R Risk Squad|07/05/2021||GB||07/05/2021|F|M|2020-01-01
1000000142|Miss R Risk Squad|07/05/2021||GB||07/05/2021|F|U|2020-01-01
1000000143|Miss R Risk Squad|07/05/2021||GB||07/05/2021|F|S|2020-01-01
1000000144|Mr R Risk Squad|07/05/2021||GB||07/05/2021|M|M|2020-01-01
1000000145|Mrs R Risk Squad|07/05/2021||GB||07/05/2021|F|M|2020-01-01
1000000146|Miss R Risk Squad|07/05/2021||GB||07/05/2021|F|U|2020-01-01
1000000147|Miss R Risk Squad|07/05/2021||GB||07/05/2021|F|S|2020-01-01
1000000148|Mr R Risk Squad|07/05/2021||GB||07/05/2021|M|M|2020-01-01
1000000149|Mrs R Risk Squad|07/05/2021||GB||07/05/2021|F|M|2020-01-01
1000000150|Miss R Risk Squad|07/05/2021||GB||07/05/2021|F|U|2020-01-01
1000000151|Miss R Risk Squad|07/05/2021||GB||07/05/2021|F|S|2020-01-01
1000000152|Mr R Risk Squad|07/05/2021||GB||07/05/2021|M|M|2020-01-01
1000000153|Mrs R Risk Squad|07/05/2021||GB||07/05/2021|F|M|2020-01-01
1000000154|Miss R Risk Squad|07/05/2021||GB||07/05/2021|F|U|2020-01-01
1000000155|Miss R Risk Squad|07/05/2021||GB||07/05/2021|F|S|2020-01-01
1000000156|Mr R Risk Squad|07/05/2021||GB||07/05/2021|M|M|2020-01-01
1000000157|Mrs R Risk Squad|07/05/2021||GB||07/05/2021|F|M|2020-01-01
1000000158|Miss R Risk Squad|07/05/2021||GB||07/05/2021|F|U|2020-01-01
1000000159|Miss R Risk Squad|07/05/2021||GB||07/05/2021|F|S|2020-01-01
1000000160|Mr R Risk Squad|07/05/2021||GB||07/05/2021|M|M|2020-01-01
1000000161|Mrs R Risk Squad|07/05/2021||GB||07/05/2021|F|M|2020-01-01
1000000162|Miss R Risk Squad|07/05/2021||GB||07/05/2021|F|U|2020-01-01
1000000163|Miss R Risk Squad|07/05/2021||GB||07/05/2021|F|S|2020-01-01
1000000164|Mr R Risk Squad|07/05/2021||GB||07/05/2021|M|M|2020-01-01
1000000165|Mrs R Risk Squad|07/05/2021||GB||07/05/2021|F|M|2020-01-01
1000000166|Miss R Risk Squad|07/05/2021||GB||07/05/2021|F|U|2020-01-01
1000000167|Miss R Risk Squad|07/05/2021||GB||07/05/2021|F|S|2020-01-01
1000000168|Mr R Risk Squad|07/05/2021||GB||07/05/2021|M|M|2020-01-01
1000000169|Mrs R Risk Squad|07/05/2021||GB||07/05/2021|F|M|2020-01-01
1000000170|Miss R Risk Squad|07/05/2021||GB||07/05/2021|F|U|2020-01-01
1000000171|Miss R Risk Squad|07/05/2021||GB||07/05/2021|F|S|2020-01-01
1000000172|Mr R Risk Squad|07/05/2021||GB||07/05/2021|M|M|2020-01-01
1000000173|Mrs R Risk Squad|07/05/2021||GB||07/05/2021|F|M|2020-01-01
1000000174|Miss R Risk Squad|07/05/2021||GB||07/05/2021|F|U|2020-01-01
1000000175|Miss R Risk Squad|07/05/2021||GB||07/05/2021|F|S|2020-01-01
1000000176|Mr R Risk Squad|07/05/2021||GB||07/05/2021|M|M|2020-01-01
1000000177|Mrs R Risk Squad|07/05/2021||GB||07/05/2021|F|M|2020-01-01
1000000178|Miss R Risk Squad|07/05/2021||GB||07/05/2021|F|U|2020-01-01
1000000179|Miss R Risk Squad|07/05/2021||GB||07/05/2021|F|S|2020-01-01
1000000180|Mr R Risk Squad|07/05/2021||GB||07/05/2021|M|M|2020-01-01
1000000181|Mrs R Risk Squad|07/05/2021||GB||07/05/2021|F|M|2020-01-01
1000000182|Miss R Risk Squad|07/05/2021||GB||07/05/2021|F|U|2020-01-01
1000000183|Miss R Risk Squad|07/05/2021||GB||07/05/2021|F|S|2020-01-01
1000000184|Mr R Risk Squad|07/05/2021||GB||07/05/2021|M|M|2020-01-01
1000000185|Mrs R Risk Squad|07/05/2021||GB||07/05/2021|F|M|2020-01-01
1000000186|Miss R Risk Squad|07/05/2021||GB||07/05/2021|F|U|2020-01-01
1000000187|Miss R Risk Squad|07/05/2021||GB||07/05/2021|F|S|2020-01-01
1000000188|Mr R Risk Squad|07/05/2021||GB||07/05/2021|M|M|2020-01-01
1000000189|Mrs R Risk Squad|07/05/2021||GB||07/05/2021|F|M|2020-01-01
1000000190|Miss R Risk Squad|07/05/2021||GB||07/05/2021|F|U|2020-01-01
1000000191|Miss R Risk Squad|07/05/2021||GB||07/05/2021|F|S|2020-01-01
1000000192|Mr R Risk Squad|07/05/2021||GB||07/05/2021|M|M|2020-01-01
1000000193|Mrs R Risk Squad|07/05/2021||GB||07/05/2021|F|M|2020-01-01
1000000194|Miss R Risk Squad|07/05/2021||GB||07/05/2021|F|U|2020-01-01
1000000195|Miss R Risk Squad|07/05/2021||GB||07/05/2021|F|S|2020-01-01
1000000196|Mr R Risk Squad|07/05/2021||GB||07/05/2021|M|M|2020-01-01
1000000197|Mrs R Risk Squad|07/05/2021||GB||07/05/2021|F|M|2020-01-01
1000000198|Miss R Risk Squad|07/05/2021||GB||07/05/2021|F|U|2020-01-01
1000000199|Miss R Risk Squad|07/05/2021||GB||07/05/2021|F|S|2020-01-01
1000000200|Mr R Risk Squad|07/05/2021||GB||07/05/2021|M|M|2020-01-01
1000000201|Mrs R Risk Squad|07/05/2021||GB||07/05/2021|F|M|2020-01-01
1000000202|Miss R Risk Squad|07/05/2021||GB||07/05/2021|F|U|2020-01-01
1000000203|Miss R Risk Squad|07/05/2021||GB||07/05/2021|F|S|2020-01-01
1000000204|Mr R Risk Squad|07/05/2021||GB||07/05/2021|M|M|2020-01-01
1000000205|Mrs R Risk Squad|07/05/2021||GB||07/05/2021|F|M|2020-01-01
1000000206|Miss R Risk Squad|07/05/2021||GB||07/05/2021|F|U|2020-01-01
1000000207|Miss R Risk Squad|07/05/2021||GB||07/05/2021|F|S|2020-01-01
1000000208|Mr R Risk Squad|07/05/2021||GB||07/05/2021|M|M|2020-01-01
1000000209|Mrs R Risk Squad|07/05/2021||GB||07/05/2021|F|M|2020-01-01
1000000210|Miss R Risk Squad|07/05/2021||GB||07/05/2021|F|U|2020-01-01
1000000211|Miss R Risk Squad|07/05/2021||GB||07/05/2021|F|S|2020-01-01
1000000212|Mr R Risk Squad|07/05/2021||GB||07/05/2021|M|M|2020-01-01
1000000213|Mrs R Risk Squad|07/05/2021||GB||07/05/2021|F|M|2020-01-01
1000000214|Miss R Risk Squad|07/05/2021||GB||07/05/2021|F|U|2020-01-01
1000000215|Miss R Risk Squad|07/05/2021||GB||07/05/2021|F|S|2020-01-01
1000000216|Mr R Risk Squad|07/05/2021||GB||07/05/2021|M|M|2020-01-01
1000000217|Mrs R Risk Squad|07/05/2021||GB||07/05/2021|F|M|2020-01-01
1000000218|Miss R Risk Squad|07/05/2021||GB||07/05/2021|F|U|2020-01-01
1000000219|Miss R Risk Squad|07/05/2021||GB||07/05/2021|F|S|2020-01-01
1000000220|Mr R Risk Squad|07/05/2021||GB||07/05/2021|M|M|2020-01-01
1000000221|Mrs R Risk Squad|07/05/2021||GB||07/05/2021|F|M|2020-01-01
1000000222|Miss R Risk Squad|07/05/2021||GB||07/05/2021|F|U|2020-01-01
1000000223|Miss R Risk Squad|07/05/2021||GB||07/05/2021|F|S|2020-01-01
1000000224|Mr R Risk Squad|07/05/2021||GB||07/05/2021|M|M|2020-01-01
1000000225|Mrs R Risk Squad|07/05/2021||GB||07/05/2021|F|M|2020-01-01
1000000226|Miss R Risk Squad|07/05/2021||GB||07/05/2021|F|U|2020-01-01
1000000227|Miss R Risk Squad|07/05/2021||GB||07/05/2021|F|S|2020-01-01
1000000228|Mr R Risk Squad|07/05/2021||GB||07/05/2021|M|M|2020-01-01
1000000229|Mrs R Risk Squad|07/05/2021||GB||07/05/2021|F|M|2020-01-01
1000000230|Miss R Risk Squad|07/05/2021||GB||07/05/2021|F|U|2020-01-01
1000000231|Miss R Risk Squad|07/05/2021||GB||07/05/2021|F|S|2020-01-01
1000000232|Mr R Risk Squad|07/05/2021||GB||07/05/2021|M|M|2020-01-01
1000000233|Mrs R Risk Squad|07/05/2021||GB||07/05/2021|F|M|2020-01-01
1000000234|Miss R Risk Squad|07/05/2021||GB||07/05/2021|F|U|2020-01-01
1000000235|Miss R Risk Squad|07/05/2021||GB||07/05/2021|F|S|2020-01-01
1000000236|Mr R Risk Squad|07/05/2021||GB||07/05/2021|M|M|2020-01-01
1000000237|Mrs R Risk Squad|07/05/2021||GB||07/05/2021|F|M|2020-01-01
1000000238|Miss R Risk Squad|07/05/2021||GB||07/05/2021|F|U|2020-01-01
1000000239|Miss R Risk Squad|07/05/2021||GB||07/05/2021|F|S|2020-01-01
1000000240|Mr R Risk Squad|07/05/2021||GB||07/05/2021|M|M|2020-01-01
1000000241|Mrs R Risk Squad|07/05/2021||GB||07/05/2021|F|M|2020-01-01
1000000242|Miss R Risk Squad|07/05/2021||GB||07/05/2021|F|U|2020-01-01
1000000243|Miss R Risk Squad|07/05/2021||GB||07/05/2021|F|S|2020-01-01
1000000244|Mr R Risk Squad|07/05/2021||GB||07/05/2021|M|M|2020-01-01
1000000245|Mrs R Risk Squad|07/05/2021||GB||07/05/2021|F|M|2020-01-01
1000000246|Miss R Risk Squad|07/05/2021||GB||07/05/2021|F|U|2020-01-01
1000000247|Miss R Risk Squad|07/05/2021||GB||07/05/2021|F|S|2020-01-01
1000000248|Mr R Risk Squad|07/05/2021||GB||07/05/2021|M|M|2020-01-01
1000000249|Mrs R Risk Squad|07/05/2021||GB||07/05/2021|F|M|2020-01-01
1000000250|Miss R Risk Squad|07/05/2021||GB||07/05/2021|F|U|2020-01-01
1000000251|Miss R Risk Squad|07/05/2021||GB||07/05/2021|F|S|2020-01-01
1000000252|Mr R Risk Squad|07/05/2021||GB||07/05/2021|M|M|2020-01-01
1000000253|Mrs R Risk Squad|07/05/2021||GB||07/05/2021|F|M|2020-01-01
1000000254|Miss R Risk Squad|07/05/2021||GB||07/05/2021|F|U|2020-01-01
1000000255|Miss R Risk Squad|07/05/2021||GB||07/05/2021|F|S|2020-01-01
1000000256|Mr R Risk Squad|07/05/2021||GB||07/05/2021|M|M|2020-01-01
1000000257|Mrs R Risk Squad|07/05/2021||GB||07/05/2021|F|M|2020-01-01
1000000258|Miss R Risk Squad|07/05/2021||GB||07/05/2021|F|U|2020-01-01
1000000259|Miss R Risk Squad|07/05/2021||GB||07/05/2021|F|S|2020-01-01
1000000260|Mr R Risk Squad|07/05/2021||GB||07/05/2021|M|M|2020-01-01
1000000261|Mrs R Risk Squad|07/05/2021||GB||07/05/2021|F|M|2020-01-01
1000000262|Miss R Risk Squad|07/05/2021||GB||07/05/2021|F|U|2020-01-01
1000000263|Miss R Risk Squad|07/05/2021||GB||07/05/2021|F|S|2020-01-01
1000000264|Mr R Risk Squad|07/05/2021||GB||07/05/2021|M|M|2020-01-01
1000000265|Mrs R Risk Squad|07/05/2021||GB||07/05/2021|F|M|2020-01-01
1000000266|Miss R Risk Squad|07/05/2021||GB||07/05/2021|F|U|2020-01-01
1000000267|Miss R Risk Squad|07/05/2021||GB||07/05/2021|F|S|2020-01-01
1000000268|Mr R Risk Squad|07/05/2021||GB||07/05/2021|M|M|2020-01-01
1000000269|Mrs R Risk Squad|07/05/2021||GB||07/05/2021|F|M|2020-01-01
1000000270|Miss R Risk Squad|07/05/2021||GB||07/05/2021|F|U|2020-01-01
1000000271|Miss R Risk Squad|07/05/2021||GB||07/05/2021|F|S|2020-01-01
1000000272|Mr R Risk Squad|07/05/2021||GB||07/05/2021|M|M|2020-01-01
1000000273|Mrs R Risk Squad|07/05/2021||GB||07/05/2021|F|M|2020-01-01
1000000274|Miss R Risk Squad|07/05/2021||GB||07/05/2021|F|U|2020-01-01
1000000275|Miss R Risk Squad|07/05/2021||GB||07/05/2021|F|S|2020-01-01
1000000276|Mr R Risk Squad|07/05/2021||GB||07/05/2021|M|M|2020-01-01
1000000277|Mrs R Risk Squad|07/05/2021||GB||07/05/2021|F|M|2020-01-01
1000000278|Miss R Risk Squad|07/05/2021||GB||07/05/2021|F|U|2020-01-01
1000000279|Miss R Risk Squad|07/05/2021||GB||07/05/2021|F|S|2020-01-01
1000000280|Mr R Risk Squad|07/05/2021||GB||07/05/2021|M|M|2020-01-01
1000000281|Mrs R Risk Squad|07/05/2021||GB||07/05/2021|F|M|2020-01-01
1000000282|Miss R Risk Squad|07/05/2021||GB||07/05/2021|F|U|2020-01-01
1000000283|Miss R Risk Squad|07/05/2021||GB||07/05/2021|F|S|2020-01-01
1000000284|Mr R Risk Squad|07/05/2021||GB||07/05/2021|M|M|2020-01-01
1000000285|Mrs R Risk Squad|07/05/2021||GB||07/05/2021|F|M|2020-01-01
1000000286|Miss R Risk Squad|07/05/2021||GB||07/05/2021|F|U|2020-01-01
1000000287|Miss R Risk Squad|07/05/2021||GB||07/05/2021|F|S|2020-01-01
1000000288|Mr R Risk Squad|07/05/2021||GB||07/05/2021|M|M|2020-01-01
1000000289|Mrs R Risk Squad|07/05/2021||GB||07/05/2021|F|M|2020-01-01
1000000290|Miss R Risk Squad|07/05/2021||GB||07/05/2021|F|U|2020-01-01
1000000291|Miss R Risk Squad|07/05/2021||GB||07/05/2021|F|S|2020-01-01
1000000292|Mr R Risk Squad|07/05/2021||GB||07/05/2021|M|M|2020-01-01
1000000293|Mrs R Risk Squad|07/05/2021||GB||07/05/2021|F|M|2020-01-01
1000000294|Miss R Risk Squad|07/05/2021||GB||07/05/2021|F|U|2020-01-01
1000000295|Miss R Risk Squad|07/05/2021||GB||07/05/2021|F|S|2020-01-01
1000000296|Mr R Risk Squad|07/05/2021||GB||07/05/2021|M|M|2020-01-01
1000000297|Mrs R Risk Squad|07/05/2021||GB||07/05/2021|F|M|2020-01-01
1000000298|Miss R Risk Squad|07/05/2021||GB||07/05/2021|F|U|2020-01-01
1000000299|Lord R Risk Squad|07/05/1972||GB||07/05/2021|M|U|2020-01-01